{
    "TrackerDetails": [{
            "name": "MILK",
            "type": "HOUSEHOLD",
            "isActive": true,
            "frequency": "DAILY",
            "incrementBy": 0.25,
            "qty": 1,
            "unit": "LITER",
            "price": 42,
            "notifyType": "EVERY_MONTH_END",
            "displayImage": "lib/images/milkBottle.png",
            "displayName": "Milk",
            "contacts": "",
            "isComplete": false
        }, {
            "name": "NEWSPAPER",
            "type": "HOUSEHOLD",
            "isActive": true,
            "frequency": "DAILY",
            "incrementBy": 0.25,
            "qty": 1,
            "unit": "COUNT",
            "price": 7,
            "notifyType": "EVERY_MONTH_END",
            "displayImage": "lib/images/newsPaper.png",
            "displayName": "Newspaper",
            "contacts": "",
            "isComplete": false
        }, {
            "name": "EGGS",
            "type": "HOUSEHOLD",
            "isActive": true,
            "frequency": "ONDEMAND",
            "unit": "COUNT",
            "displayImage": "lib/images/eggs.png",
            "displayName": "Eggs",
            "contacts": "",
            "isComplete": false
        }, {
            "name": "IRONCLOTHS",
            "type": "HOUSEHOLD",
            "isActive": true,
            "frequency": "ONDEMAND",
            "unit": "COUNT",
            "displayImage": "lib/images/cloths.jpg",
            "displayName": "Wash & Iron",
            "contacts": "",
            "isComplete": false
        }, {
            "name": "WATER",
            "type": "SELF",
            "isActive": true,
            "incrementBy": 0.25,
            "qty": 8,
            "unit": "COUNT",
            "displayImage": "lib/images/waterdrop.png",
            "displayName": "Water",
            "contacts": "",
            "isComplete": false
        }, {
            "name": "FEELINGS",
            "type": "SELF",
            "isActive": true,
            "frequency": "ONDEMAND",
            "displayImage": "lib/images/emoji2.png",
            "displayName": "Feelings",
            "contacts": "",
            "isComplete": false
        }, {
            "name": "MEDITATION",
            "type": "SELF",
            "isActive": true,
            "incrementBy": 0.25,
            "qty": 10,
            "unit": "MINUTES",
            "displayImage": "lib/images/stress.png",
            "displayName": "Meditation",
            "contacts": "",
            "isComplete": false
        }, {
            "name": "YOGA",
            "type": "SELF",
            "isActive": false,
            "incrementBy": 0.25,
            "qty": 20,
            "unit": "MINUTES",
            "displayImage": "lib/images/cloths.jpg",
            "displayName": "Wash & Iron",
            "contacts": "",
            "isComplete": false
        }, {
            "name": "EXERCISE",
            "type": "SELF",
            "isActive": false,
            "incrementBy": 0.25,
            "qty": 20,
            "unit": "MINUTES",
            "displayImage": "lib/images/cloths.jpg",
            "displayName": "Wash & Iron",
            "contacts": "",
            "isComplete": false
        }, {
            "name": "MENOPAUSE",
            "type": "SELF",
            "isActive": false,
            "frequency": "ONDEMAND",
            "displayImage": "lib/images/cloths.jpg",
            "displayName": "Wash & Iron",
            "contacts": "",
            "isComplete": false
        }, {
            "name": "MONEY",
            "type": "SELF",
            "isActive": true,
            "frequency": "ONDEMAND",
            "displayImage": "lib/images/cloths.jpg",
            "displayName": "Wash & Iron",
            "contacts": "",
            "isComplete": false
        }, {
            "name": "MAID",
            "type": "EMPLOYEE",
            "isActive": true,
            "frequency": "MONTHLY",
            "price": 2500,
            "holiday": 2,
            "notifyType": "EVERY_MONTH_END",
            "displayImage": "lib/images/maid.png",
            "displayName": "House Helper",
            "contacts": "",
            "isComplete": false
        }, {
            "name": "COOK",
            "type": "EMPLOYEE",
            "isActive": true,
            "frequency": "MONTHLY",
            "price": 3500,
            "holiday": 2,
            "notifyType": "EVERY_MONTH_END",
            "displayImage": "lib/images/cook.png",
            "displayName": "Cook",
            "contacts": "",
            "isComplete": false
        }, {
            "name": "EMPLOYEE1",
            "type": "EMPLOYEE",
            "isActive": true,
            "frequency": "MONTHLY",
            "price": 10000,
            "holiday": 2,
            "notifyType": "EVERY_MONTH_END",
            "displayImage": "lib/images/employee.png",
            "displayName": "Employee1",
            "contacts": "",
            "isComplete": false
        }, {
            "name": "EMPLOYEE2",
            "type": "EMPLOYEE",
            "isActive": true,
            "frequency": "MONTHLY",
            "price": 10000,
            "holiday": 2,
            "notifyType": "EVERY_MONTH_END",
            "displayImage": "lib/images/employee.png",
            "displayName": "Employee2",
            "contacts": "",
            "isComplete": false
        }
    ]
}