{
    "listDetails": [{
            "index": 1,
            "name": "GROCERY_DEFAULT",
            "type": "DASHBOARD",
            "displayImage": "listifyimage/groceries.jpg",
            "displayName": "Grocery",
            "isComplete": false
        }, {
            "index": 2,
            "name": "SHOPPING_DEFAULT",
            "type": "DASHBOARD",
            "displayImage": "listifyimage/shopping-cart.jpg",
            "displayName": "Shopping",
            "isComplete": false
        }, {
            "index": 3,
            "name": "DCLUTTER_DEFAULT",
            "type": "DASHBOARD",
            "displayImage": "listifyimage/clutter.jpg",
            "displayName": "D-Clutter",
            "isComplete": false
        }
    ]
}