{
	"trackerDetails": [
		{
			"name": "MILK",
			"type": "HOUSEHOLD",
			"isActive": true,
			"frequency": "DAILY",
			"incrementBy": 0.25,
			"qty": 1.0,
			"unit": "LITER",
			"price": 42.0,
			"notifyType": "EVERY_MONTH_END",
			"displayImage": "trackerimage/milkBottle.png",
			"displayName": "Milk",
			"contacts": "",
			"isComplete": false
		},
		{
			"name": "NEWSPAPER",
			"type": "HOUSEHOLD",
			"isActive": true,
			"frequency": "DAILY",
			"incrementBy": 0.25,
			"qty": 1.0,
			"unit": "COUNT",
			"price": 7.0,
			"notifyType": "EVERY_MONTH_END",
			"displayImage": "trackerimage/newsPaper.png",
			"displayName": "Newspaper",
			"contacts": "",
			"isComplete": false
		},
		{
			"name": "EGGS",
			"type": "HOUSEHOLD",
			"isActive": true,
			"frequency": "ONDEMAND",
			"unit": "COUNT",
			"displayImage": "trackerimage/eggs.png",
			"displayName": "Eggs",
			"contacts": "",
			"isComplete": false
		},
		{
			"name": "IRONCLOTHS",
			"type": "HOUSEHOLD",
			"isActive": true,
			"frequency": "ONDEMAND",
			"unit": "COUNT",
			"displayImage": "trackerimage/cloths.jpg",
			"displayName": "Wash & Iron",
			"contacts": "",
			"isComplete": false
		},
		{
			"name": "WATER",
			"type": "SELF",
			"isActive": true,
			"incrementBy": 0.25,
			"qty": 8.0,
			"unit": "COUNT",
			"displayImage": "trackerimage/waterdrop.png",
			"displayName": "Water",
			"contacts": "",
			"isComplete": false
		},
		{
			"name": "FEELINGS",
			"type": "SELF",
			"isActive": true,
			"frequency": "ONDEMAND",
			"displayImage": "trackerimage/emoji2.png",
			"displayName": "Feelings",
			"contacts": "",
			"isComplete": false
		},
		{
			"name": "MEDITATION",
			"type": "SELF",
			"isActive": true,
			"incrementBy": 0.25,
			"qty": 10.0,
			"unit": "MINUTES",
			"displayImage": "trackerimage/meditation.png",
			"displayName": "Meditation",
			"contacts": "",
			"isComplete": false
		},
		{
			"name": "EXERCISE",
			"type": "SELF",
			"isActive": false,
			"incrementBy": 0.25,
			"qty": 20.0,
			"unit": "MINUTES",
			"displayImage": "trackerimage/exercise.png",
			"displayName": "Exercise",
			"contacts": "",
			"isComplete": false
		},
		{
			"name": "MAID",
			"type": "EMPLOYEE",
			"isActive": true,
			"frequency": "MONTHLY",
			"price": 2500.0,
			"holiday": 2,
			"notifyType": "EVERY_MONTH_END",
			"displayImage": "trackerimage/maid.png",
			"displayName": "House Helper",
			"contacts": "",
			"isComplete": false
		},
		{
			"name": "COOK",
			"type": "EMPLOYEE",
			"isActive": true,
			"frequency": "MONTHLY",
			"price": 3500.0,
			"holiday": 2,
			"notifyType": "EVERY_MONTH_END",
			"displayImage": "trackerimage/cook.png",
			"displayName": "Cook",
			"contacts": "",
			"isComplete": false
		},
		{
			"name": "EMPLOYEE1",
			"type": "EMPLOYEE",
			"isActive": true,
			"frequency": "MONTHLY",
			"price": 10000.0,
			"holiday": 2,
			"notifyType": "EVERY_MONTH_END",
			"displayImage": "trackerimage/employee.png",
			"displayName": "Employee1",
			"contacts": "",
			"isComplete": false
		},
		{
			"name": "EMPLOYEE2",
			"type": "EMPLOYEE",
			"isActive": true,
			"frequency": "MONTHLY",
			"price": 10000.0,
			"holiday": 2,
			"notifyType": "EVERY_MONTH_END",
			"displayImage": "trackerimage/employee.png",
			"displayName": "Employee2",
			"contacts": "",
			"isComplete": false
		}
	]
}